prompt,completion
"What are the benefits of eating vegetables?", "Eating vegetables provides essential vitamins, minerals, and fiber that can improve your health and reduce the risk of chronic diseases."
"How much water should I drink daily?", "It's generally recommended to drink eight 8-ounce glasses of water a day, which equals about 2 liters, or half a gallon."
"What are some healthy snack options?", "Healthy snack options include fruits, nuts, yogurt, hummus with veggies, and whole grain crackers."
"What is a balanced diet?", "A balanced diet includes a variety of foods from all food groups: fruits, vegetables, protein, dairy, and grains, in the right proportions."
"Can you suggest a healthy breakfast?", "A healthy breakfast could include oatmeal with fruits and nuts, a smoothie with spinach and berries, or whole-grain toast with avocado and eggs."
"What are the benefits of eating vegetables?", "Eating vegetables provides essential vitamins, minerals, and fiber that can improve your health and reduce the risk of chronic diseases."
"How much water should I drink daily?", "It's generally recommended to drink eight 8-ounce glasses of water a day, which equals about 2 liters, or half a gallon."
"What are some healthy snack options?", "Healthy snack options include fruits, nuts, yogurt, hummus with veggies, and whole grain crackers."
"What is a balanced diet?", "A balanced diet includes a variety of foods from all food groups: fruits, vegetables, protein, dairy, and grains, in the right proportions."
"Can you suggest a healthy breakfast?", "A healthy breakfast could include oatmeal with fruits and nuts, a smoothie with spinach and berries, or whole-grain toast with avocado and eggs."
"Why is fiber important in my diet?", "Fiber aids in digestion, helps maintain bowel health, lowers cholesterol levels, and helps control blood sugar levels."
"What are some high-protein foods?", "High-protein foods include chicken, fish, eggs, beans, lentils, Greek yogurt, and nuts."
"How can I reduce sugar intake?", "You can reduce sugar intake by avoiding sugary drinks, reading food labels to check for added sugars, and choosing natural sweeteners like fruits."
"What are the benefits of drinking green tea?", "Green tea is rich in antioxidants, can improve brain function, aid in fat loss, and lower the risk of several diseases."
"What are some healthy sources of fats?", "Healthy sources of fats include avocados, nuts, seeds, olive oil, and fatty fish like salmon."
"How often should I eat fruits?", "It's recommended to eat at least 2 servings of fruit per day as part of a balanced diet."
"Can you suggest a healthy dinner?", "A healthy dinner could be grilled salmon with quinoa and steamed broccoli, or a chickpea salad with a variety of vegetables."
"What are some good sources of calcium?", "Good sources of calcium include dairy products like milk, cheese, and yogurt, as well as leafy green vegetables, nuts, and seeds."
"What are whole grains?", "Whole grains are grains that contain the entire grain kernel, including the bran, germ, and endosperm, such as brown rice, oats, and whole wheat."
"Why is breakfast important?", "Breakfast kickstarts your metabolism, helps you burn calories throughout the day, and provides energy and essential nutrients to start your day."
"What are some low-carb vegetables?", "Low-carb vegetables include spinach, kale, broccoli, cauliflower, zucchini, and bell peppers."
"How can I make my meals more nutritious?", "You can make meals more nutritious by including a variety of vegetables, using whole grains, choosing lean proteins, and avoiding processed foods."
"Is it okay to eat dairy?", "Dairy can be a part of a healthy diet as it provides essential nutrients like calcium, vitamin D, and protein. However, some people may need to avoid it due to lactose intolerance or allergies."
"What are antioxidants?", "Antioxidants are compounds that help protect your cells from damage caused by free radicals. They are found in foods like berries, nuts, and dark chocolate."
"What are the benefits of eating fish?", "Fish is a great source of high-quality protein, omega-3 fatty acids, vitamins, and minerals. It can help reduce the risk of heart disease and improve brain health."
"How can I incorporate more vegetables into my diet?", "You can incorporate more vegetables by adding them to soups, stews, and casseroles, making salads, or blending them into smoothies."
"What is portion control?", "Portion control is managing the amount of food you eat to avoid overeating. It involves being mindful of serving sizes and listening to your body's hunger cues."
"Can you suggest a healthy lunch?", "A healthy lunch could be a quinoa salad with chickpeas and a variety of vegetables, or a turkey and avocado wrap with whole-grain bread."
"What are some benefits of eating nuts?", "Nuts are rich in healthy fats, protein, vitamins, and minerals. They can help improve heart health, support brain function, and provide a feeling of fullness."
"How can I reduce salt intake?", "You can reduce salt intake by cooking at home, using herbs and spices for flavor instead of salt, reading food labels, and avoiding processed foods."
"What are probiotics?", "Probiotics are live bacteria and yeasts that are good for your digestive system. They are found in foods like yogurt, kefir, and fermented vegetables."
"What is the role of vitamins in the body?", "Vitamins are essential nutrients that help regulate body processes, support the immune system, and maintain healthy skin, eyes, and bones."
"Can you suggest a healthy dessert?", "A healthy dessert could be Greek yogurt with fresh berries and a drizzle of honey, or a fruit salad with a mix of your favorite fruits."
"What are some healthy cooking methods?", "Healthy cooking methods include grilling, baking, steaming, and sautéing with minimal oil."
"Why is hydration important?", "Hydration is important for maintaining body temperature, lubricating joints, preventing infections, delivering nutrients to cells, and keeping organs functioning properly."
"What are some benefits of eating whole grains?", "Whole grains are rich in fiber, vitamins, and minerals. They can help reduce the risk of heart disease, aid in digestion, and help with weight management."
"What is the glycemic index?", "The glycemic index is a measure of how quickly a food raises blood sugar levels. Foods with a low glycemic index are digested and absorbed more slowly, which can help control blood sugar levels."
"What are the benefits of eating berries?", "Berries are high in antioxidants, vitamins, and fiber. They can help improve heart health, boost brain function, and reduce inflammation."
"How can I reduce my calorie intake?", "You can reduce calorie intake by eating smaller portions, choosing low-calorie foods, drinking water before meals, and avoiding high-calorie snacks and sugary drinks."
"What are some plant-based sources of protein?", "Plant-based sources of protein include beans, lentils, tofu, tempeh, quinoa, nuts, and seeds."
"What are the benefits of eating avocados?", "Avocados are rich in healthy fats, fiber, and vitamins. They can help improve heart health, support eye health, and provide a feeling of fullness."
"What is mindful eating?", "Mindful eating is paying full attention to the experience of eating and drinking, both inside and outside the body. It involves being aware of hunger and fullness cues, and savoring the taste and texture of food."
"Can you suggest a healthy smoothie recipe?", "A healthy smoothie recipe could include spinach, frozen berries, a banana, a tablespoon of chia seeds, and almond milk."
"What are some sources of vitamin D?", "Sources of vitamin D include sunlight, fatty fish, fortified dairy products, egg yolks, and supplements."
"How can I eat healthier when dining out?", "You can eat healthier when dining out by choosing dishes that are grilled, baked, or steamed, avoiding fried foods, asking for dressings and sauces on the side, and opting for whole grains and vegetables."
"What are the benefits of meal prepping?", "Meal prepping can save time, reduce stress, help with portion control, and ensure you have healthy meals ready to eat."
"What are some benefits of eating beans?", "Beans are a great source of protein, fiber, vitamins, and minerals. They can help improve heart health, aid in digestion, and provide a feeling of fullness."
"What are some healthy alternatives to soda?", "Healthy alternatives to soda include water, sparkling water, herbal tea, and infused water with fruits and herbs."
"What are some benefits of eating dark chocolate?", "Dark chocolate is rich in antioxidants and can help improve heart health, boost brain function, and reduce inflammation."
"How can I reduce my intake of processed foods?", "You can reduce your intake of processed foods by cooking at home, choosing whole foods, reading food labels, and avoiding convenience snacks."
"What are the benefits of eating whole fruits instead of drinking fruit juice?", "Whole fruits provide fiber, which helps with digestion and provides a feeling of fullness. Fruit juice often contains added sugars and lacks fiber."
"What are some healthy sources of carbohydrates?", "Healthy sources of carbohydrates include whole grains, fruits, vegetables, legumes, and nuts."
"How can I make my meals more filling?", "You can make your meals more filling by including a source of protein, fiber, and healthy fats. Eating slowly and mindfully can also help."
"What are some benefits of eating leafy green vegetables?", "Leafy green vegetables are rich in vitamins, minerals, and antioxidants. They can help improve heart health, support brain function, and reduce inflammation."
"How can I reduce my intake of unhealthy fats?", "You can reduce your intake of unhealthy fats by avoiding fried foods, choosing lean proteins, using healthy cooking methods, and reading food labels."
"What are some healthy breakfast cereals?", "Healthy breakfast cereals include those made from whole grains, with minimal added sugars, such as oatmeal, muesli, and whole-grain flakes."
"What are the benefits of eating yogurt?", "Yogurt is a good source of protein, calcium, and probiotics. It can help improve digestion, support bone health, and boost the immune system."
"What are some benefits of eating nuts and seeds?", "Nuts and seeds are rich in healthy fats, protein, vitamins, and minerals. They can help improve heart health, support brain function, and provide a feeling of fullness."
"What are some benefits of eating sweet potatoes?", "Sweet potatoes are rich in vitamins, minerals, and fiber. They can help improve digestion, support eye health, and boost the immune system."
"What is the Mediterranean diet?", "The Mediterranean diet is a way of eating that emphasizes fruits."
"How to lose weight?", "To lose weight, you can try to eat fewer calories and be more active. One of the best ways to lose body fat is through steady aerobic exercise, such as brisk walking."
"What are the benefits of eating vegetables?", "Eating vegetables provides essential vitamins, minerals, and fiber that can improve your health and reduce the risk of chronic diseases."
"How much water should I drink daily?", "It's generally recommended to drink eight 8-ounce glasses of water a day, which equals about 2 liters, or half a gallon."
"What are some healthy snack options?", "Healthy snack options include fruits, nuts, yogurt, hummus with veggies, and whole grain crackers."
"What is a balanced diet?", "A balanced diet includes a variety of foods from all food groups: fruits, vegetables, protein, dairy, and grains, in the right proportions."
"Can you suggest a healthy breakfast?", "A healthy breakfast could include oatmeal with fruits and nuts, a smoothie with spinach and berries, or whole-grain toast with avocado and eggs."
"Why is fiber important in my diet?", "Fiber aids in digestion, helps maintain bowel health, lowers cholesterol levels, and helps control blood sugar levels."
"What are some high-protein foods?", "High-protein foods include chicken, fish, eggs, beans, lentils, Greek yogurt, and nuts."
"How can I reduce sugar intake?", "You can reduce sugar intake by avoiding sugary drinks, reading food labels to check for added sugars, and choosing natural sweeteners like fruits."
"What are the benefits of drinking green tea?", "Green tea is rich in antioxidants, can improve brain function, aid in fat loss, and lower the risk of several diseases."
"What are some healthy sources of fats?", "Healthy sources of fats include avocados, nuts, seeds, olive oil, and fatty fish like salmon."
"How often should I eat fruits?", "It's recommended to eat at least 2 servings of fruit per day as part of a balanced diet."
"Can you suggest a healthy dinner?", "A healthy dinner could be grilled salmon with quinoa and steamed broccoli, or a chickpea salad with a variety of vegetables."
"What are some good sources of calcium?", "Good sources of calcium include dairy products like milk, cheese, and yogurt, as well as leafy green vegetables, nuts, and seeds."
"What are whole grains?", "Whole grains are grains that contain the entire grain kernel, including the bran, germ, and endosperm, such as brown rice, oats, and whole wheat."
"Why is breakfast important?", "Breakfast kickstarts your metabolism, helps you burn calories throughout the day, and provides energy and essential nutrients to start your day."
"What are some low-carb vegetables?", "Low-carb vegetables include spinach, kale, broccoli, cauliflower, zucchini, and bell peppers."
"How can I make my meals more nutritious?", "You can make meals more nutritious by including a variety of vegetables, using whole grains, choosing lean proteins, and avoiding processed foods."
"Is it okay to eat dairy?", "Dairy can be a part of a healthy diet as it provides essential nutrients like calcium, vitamin D, and protein. However, some people may need to avoid it due to lactose intolerance or allergies."
"What are antioxidants?", "Antioxidants are compounds that help protect your cells from damage caused by free radicals. They are found in foods like berries, nuts, and dark chocolate."
"What are the benefits of eating fish?", "Fish is a great source of high-quality protein, omega-3 fatty acids, vitamins, and minerals. It can help reduce the risk of heart disease and improve brain health."
"How can I incorporate more vegetables into my diet?", "You can incorporate more vegetables by adding them to soups, stews, and casseroles, making salads, or blending them into smoothies."
"What is portion control?", "Portion control is managing the amount of food you eat to avoid overeating. It involves being mindful of serving sizes and listening to your body's hunger cues."
"Can you suggest a healthy lunch?", "A healthy lunch could be a quinoa salad with chickpeas and a variety of vegetables, or a turkey and avocado wrap with whole-grain bread."
"What are some benefits of eating nuts?", "Nuts are rich in healthy fats, protein, vitamins, and minerals. They can help improve heart health, support brain function, and provide a feeling of fullness."
"How can I reduce salt intake?", "You can reduce salt intake by cooking at home, using herbs and spices for flavor instead of salt, reading food labels, and avoiding processed foods."
"What are probiotics?", "Probiotics are live bacteria and yeasts that are good for your digestive system. They are found in foods like yogurt, kefir, and fermented vegetables."
"What is the role of vitamins in the body?", "Vitamins are essential nutrients that help regulate body processes, support the immune system, and maintain healthy skin, eyes, and bones."
"Can you suggest a healthy dessert?", "A healthy dessert could be Greek yogurt with fresh berries and a drizzle of honey, or a fruit salad with a mix of your favorite fruits."
"What are some healthy cooking methods?", "Healthy cooking methods include grilling, baking, steaming, and sautéing with minimal oil."
"Why is hydration important?", "Hydration is important for maintaining body temperature, lubricating joints, preventing infections, delivering nutrients to cells, and keeping organs functioning properly."
"What are some benefits of eating whole grains?", "Whole grains are rich in fiber, vitamins, and minerals. They can help reduce the risk of heart disease, aid in digestion, and help with weight management."
"What is the glycemic index?", "The glycemic index is a measure of how quickly a food raises blood sugar levels. Foods with a low glycemic index are digested and absorbed more slowly, which can help control blood sugar levels."
"What are the benefits of eating berries?", "Berries are high in antioxidants, vitamins, and fiber. They can help improve heart health, boost brain function, and reduce inflammation."
"How can I reduce my calorie intake?", "You can reduce calorie intake by eating smaller portions, choosing low-calorie foods, drinking water before meals, and avoiding high-calorie snacks and sugary drinks."
"What are some plant-based sources of protein?", "Plant-based sources of protein include beans, lentils, tofu, tempeh, quinoa, nuts, and seeds."
"What are the benefits of eating avocados?", "Avocados are rich in healthy fats, fiber, and vitamins. They can help improve heart health, support eye health, and provide a feeling of fullness."
"What is mindful eating?", "Mindful eating is paying full attention to the experience of eating and drinking, both inside and outside the body. It involves being aware of hunger and fullness cues, and savoring the taste and texture of food."
"Can you suggest a healthy smoothie recipe?", "A healthy smoothie recipe could include spinach, frozen berries, a banana, a tablespoon of chia seeds, and almond milk."
"What are some sources of vitamin D?", "Sources of vitamin D include sunlight, fatty fish, fortified dairy products, egg yolks, and supplements."
"How can I eat healthier when dining out?", "You can eat healthier when dining out by choosing dishes that are grilled, baked, or steamed, avoiding fried foods, asking for dressings and sauces on the side, and opting for whole grains and vegetables."
"What are the benefits of meal prepping?", "Meal prepping can save time, reduce stress, help with portion control, and ensure you have healthy meals ready to eat."
"What are some benefits of eating beans?", "Beans are a great source of protein, fiber, vitamins, and minerals. They can help improve heart health, aid in digestion, and provide a feeling of fullness."
"What are some healthy alternatives to soda?", "Healthy alternatives to soda include water, sparkling water, herbal tea, and infused water with fruits and herbs."
"What are some benefits of eating dark chocolate?", "Dark chocolate is rich in antioxidants and can help improve heart health, boost brain function, and reduce inflammation."
"How can I reduce my intake of processed foods?", "You can reduce your intake of processed foods by cooking at home, choosing whole foods, reading food labels, and avoiding convenience snacks."
"What are the benefits of eating whole fruits instead of drinking fruit juice?", "Whole fruits provide fiber, which helps with digestion and provides a feeling of fullness. Fruit juice often contains added sugars and lacks fiber."
"What are some healthy sources of carbohydrates?", "Healthy sources of carbohydrates include whole grains, fruits, vegetables, legumes, and nuts."
"How can I make my meals more filling?", "You can make your meals more filling by including a source of protein, fiber, and healthy fats. Eating slowly and mindfully can also help."
"What are some benefits of eating leafy green vegetables?", "Leafy green vegetables are rich in vitamins, minerals, and antioxidants. They can help improve heart health, support brain function, and reduce inflammation."
"How can I reduce my intake of unhealthy fats?", "You can reduce your intake of unhealthy fats by avoiding fried foods, choosing lean proteins, using healthy cooking methods, and reading food labels."
"What are some healthy breakfast cereals?", "Healthy breakfast cereals include those made from whole grains, with minimal added sugars, such as oatmeal, muesli, and whole-grain flakes."
"What are the benefits of eating yogurt?", "Yogurt is a good source of protein, calcium, and probiotics. It can help improve digestion, support bone health, and boost the immune system."
"What are some benefits of eating nuts and seeds?", "Nuts and seeds are rich in healthy fats, protein, vitamins, and minerals. They can help improve heart health, support brain function, and provide a feeling of fullness."
"What are some benefits of eating sweet potatoes?", "Sweet potatoes are rich in vitamins, minerals, and fiber. They can help improve digestion, support eye health, and boost the immune system."
"What is the Mediterranean diet?", "The Mediterranean diet is a way of eating that emphasizes fruits, vegetables, whole grains, beans, nuts, and seeds. It also includes healthy fats such as from olive oil."
"What is a ketogenic diet?","A ketogenic diet is a high-fat, moderate-protein, and very low-carbohydrate diet designed to induce ketosis, a metabolic state where the body burns fat for fuel instead of carbohydrates."
"What are the main foods to eat on a ketogenic diet?","On a ketogenic diet, focus on consuming high-fat foods such as avocados, nuts, seeds, olive oil, and fatty cuts of meat, along with low-carb vegetables like spinach, kale, and cauliflower."
"What foods should be avoided on a ketogenic diet?","Foods to avoid on a ketogenic diet include high-carb items such as bread, pasta, rice, sugary snacks, and most fruits. Processed foods and certain grains are also discouraged."
"What are the benefits of a ketogenic diet?","Benefits of a ketogenic diet may include weight loss, improved blood sugar control, increased energy levels, and mental clarity. It may also help with managing certain medical conditions, such as epilepsy."
"Are there any risks associated with a ketogenic diet?","Potential risks of a ketogenic diet include nutrient deficiencies, digestive issues, and an increased risk of kidney stones. It’s important to consult with a healthcare professional before starting the diet."
"How can I start a ketogenic diet?","To start a ketogenic diet, begin by reducing your carbohydrate intake to about 20-50 grams per day, increase your fat intake, and moderate your protein consumption. Plan your meals around high-fat foods and consult with a healthcare provider for personalized guidance."
"What is ketosis?","Ketosis is a metabolic state in which the body burns fat for fuel instead of carbohydrates. It occurs when carbohydrate intake is very low, leading to the production of ketones from fatty acids in the liver."
"How do I know if I'm in ketosis?","You can determine if you’re in ketosis by monitoring your ketone levels using urine test strips, blood ketone meters, or breath analyzers. Symptoms like increased thirst, frequent urination, and a distinct breath odor may also indicate ketosis."
"Can I eat fruit on a ketogenic diet?","Most fruits are high in carbohydrates and should be limited or avoided on a ketogenic diet. However, small portions of low-carb fruits like berries can sometimes be included in moderation."
"How do I handle the 'keto flu'?","The 'keto flu' refers to flu-like symptoms that some people experience when starting a ketogenic diet. To manage it, stay hydrated, ensure adequate intake of electrolytes (sodium, potassium, magnesium), and gradually adjust to the diet."
"What is a vegan diet?","A vegan diet excludes all animal products, including meat, dairy, eggs, and honey. It focuses on plant-based foods such as fruits, vegetables, grains, legumes, nuts, and seeds."
"What are the benefits of a vegan diet?","Benefits of a vegan diet can include improved heart health, weight management, reduced risk of certain cancers, and better digestion. It can also contribute to environmental sustainability and animal welfare."
"What is a paleo diet?","A paleo diet is based on the idea of eating like our ancestors did during the Paleolithic era. It emphasizes whole foods such as lean meats, fish, fruits, vegetables, nuts, and seeds while avoiding processed foods, grains, dairy, and legumes."
"What are the benefits of a paleo diet?","Benefits of a paleo diet may include weight loss, improved blood sugar control, reduced inflammation, and better digestive health. It encourages the consumption of nutrient-dense, unprocessed foods."
"What is an intermittent fasting diet?","Intermittent fasting involves cycling between periods of eating and fasting. Popular methods include the 16/8 method (fasting for 16 hours and eating within an 8-hour window) and the 5:2 method (eating normally for 5 days and restricting calories for 2 days)."
"What are the benefits of intermittent fasting?","Benefits of intermittent fasting may include weight loss, improved metabolic health, better blood sugar control, and increased energy levels. It may also promote longevity and support cellular repair processes."
"What is a low-carb diet?","A low-carb diet restricts the intake of carbohydrates, focusing instead on proteins and fats. The goal is to reduce the body's reliance on carbs for energy, which can aid in weight loss and improve metabolic health."
"What are some examples of low-carb foods?","Examples of low-carb foods include meat, fish, eggs, non-starchy vegetables (like leafy greens and broccoli), nuts, seeds, and healthy fats such as avocado and olive oil."
"How can I maintain a healthy diet while traveling?","To maintain a healthy diet while traveling, plan ahead by packing nutritious snacks, researching healthy dining options, staying hydrated, and making mindful food choices. Look for local markets or grocery stores for fresh produce and lean proteins."
"What is hunger?","Hunger is the physical sensation that prompts the need to eat. It is often accompanied by feelings of emptiness or gnawing in the stomach and is caused by a lack of food intake or low blood sugar levels."
"What causes hunger?","Hunger is primarily caused by the body's need for energy and nutrients. Hormones like ghrelin stimulate appetite, while low blood sugar levels and an empty stomach can also trigger feelings of hunger."
"How can I manage hunger on a diet?","To manage hunger on a diet, focus on eating nutrient-dense foods that are high in fiber and protein, which help keep you full longer. Drinking water, eating regular meals, and incorporating healthy fats can also help control hunger."
"What are some healthy snacks that can help with hunger?","Healthy snacks that can help with hunger include fruits like apples or berries, vegetables with hummus, Greek yogurt, nuts, seeds, and whole-grain crackers. These options provide balanced nutrition and sustained energy."
"Why do I feel hungry even after eating?","Feeling hungry after eating can be caused by several factors, including eating too quickly, consuming foods low in fiber or protein, or hormonal imbalances. Emotional factors, such as stress or boredom, can also contribute to persistent hunger."
"How can I avoid overeating when I'm hungry?","To avoid overeating, try eating slowly and mindfully, paying attention to hunger cues, and using smaller plates. Choose filling, nutrient-dense foods, and avoid eating out of boredom or stress."
"What are some strategies to curb emotional eating?","To curb emotional eating, practice mindful eating techniques, find alternative ways to cope with emotions such as exercise or talking to a friend, and keep a food journal to identify triggers. Ensuring regular meals and snacks can also help manage emotional hunger."
"How can I distinguish between physical and emotional hunger?","Physical hunger usually develops gradually, is accompanied by physical symptoms like a growling stomach, and can be satisfied with a variety of foods. Emotional hunger is often sudden, specific, and linked to emotional triggers rather than actual hunger."
"What role does water play in managing hunger?","Water can help manage hunger by filling the stomach and reducing feelings of emptiness. Drinking water before meals can help you feel fuller and potentially reduce overall food intake. It also helps maintain proper hydration, which is important for overall health."
"How does sleep affect hunger and appetite?","Lack of sleep can disrupt hormones that regulate hunger, such as ghrelin and leptin, leading to increased appetite and cravings for high-calorie foods. Ensuring adequate, quality sleep can help maintain balanced hunger and appetite levels."
"Are there specific foods that help with satiety?","Foods that help with satiety include those high in protein (like lean meats and beans), fiber (such as whole grains, fruits, and vegetables), and healthy fats (like avocados and nuts). These foods take longer to digest and can help keep you feeling full longer."
"How can I deal with persistent cravings?","To deal with persistent cravings, try to identify and address the underlying cause, whether it’s emotional, habitual, or due to a nutritional deficiency. Choosing healthier alternatives, practicing mindful eating, and staying hydrated can also help manage cravings."
